Checklist de revision de codigo - SprintOps-WebApp;;;;;
Proyecto: SprintOps | Rama revisada: Features-extra (codigo actual del repo) | Fecha revision: 2026-05-20;;;;;
Revisores: [completar nombres del equipo] | Modulos: backend (Spring Boot) + frontend (React/Vite) + deploy/oke-pro;;;;;
Escala: Cumple | No cumple | Parcial | N/A;;;;;
;;;;;
#;Rubro;Consideracion / pregunta de revision;Resultado;Observaciones (evidencia en el codigo);
1;Completitud;El cambio implementa los requisitos / funcionalidades del dominio (proyectos sprints issues planning reflexion chatbot Telegram OAuth);Cumple;Modulos en backend/controller y frontend/features cubren flujo Scrum principal;
2;Completitud;Faltan piezas criticas (API sin pantalla o pantalla sin API);Parcial;Mayoria conectada via apiClient.js y repositorios; revisar modulos poco usados en UI;
3;Completitud;Codigo muerto TODO sin ticket funcionalidad a medias;Parcial;Pocos TODO; deploy/oke-pro y docs presentes; algunos endpoints CRUD genericos posiblemente sin UI;
4;Completitud;Pruebas documentadas o automatizadas del flujo;Parcial;backend: SprintopsBackendApplicationTests + RetoReleaseApiIT; cobertura limitada; sin suite E2E frontend visible;
5;Completitud;README o docs de deploy/config actualizados;Cumple;deploy/oke-pro/README.md devops/README-CICD.md PDF-D3-MAPEO.md;
6;Valores permitidos;Variables/inputs reciben valores validos (tipo formato longitud);Parcial;AuthController valida login; ChatbotController exige projectId/userId; muchos POST @RequestBody sin @Valid;
7;Fuera de rango;Manejo de null vacio 0 negativos IDs inexistentes;Parcial;apiClient.js parsea errores HTTP; varios controllers no validan body antes de save (RetroItem Equipo Metodologia);
8;En los limites;Limites inferior/superior probados (paginacion min/max archivos);Parcial;ProyectoController valida archivo vacio y tamano multipart 8MB; no hay validacion sistemica en todos los endpoints;
9;Valores permitidos;Enums/estados solo valores definidos;Parcial;Roles y estados en modelo JPA; actualizaciones PUT a veces aceptan Map libre (UsuarioController);
10;Fuera de rango;Validacion en backend no solo frontend;Parcial;Validacion repartida; frontend depende de API; backend inconsistente entre controllers;
11;En los limites;Constantes acotadas (timeouts pool tamanos);Cumple;K8s resources Hikari en application-oracle; STALE_TODO_DAYS en SprintMetrics.jsx; GROQ retries en GroqChatClient;
12;Alcance;Variables con alcance minimo necesario;Cumple;Paquetes controller/service/repository/config; pocos estaticos mutables;
13;Alcance;Sin estado global innecesario;Parcial;Frontend: hooks y repositorios; Spring beans singleton (normal); SecurityConfig permitAll en API;
14;Alcance;Metodos con responsabilidad unica capas separadas;Cumple;Patron Controller -> Service -> Repository en backend; features/ + data/repositories en frontend;
15;Alcance;Parametros y retornos tipados;Cumple;DTOs en auth/chatbot; entidades JPA en otros; mezcla DTO y entidad expuesta en algunos GET;
16;Alcance;No exponer secretos o internals fuera de capa;No cumple;application.properties contiene groq.api.key y spring.datasource.password en texto plano (debe ser solo env);
17;Alcance;Recursos cerrados (streams conexiones archivos);Parcial;ProyectoController usa try/catch IOException en uploads; otros flujos dependen de Spring;
18;Casos especiales;Errores de red timeout BD caida;Parcial;GroqChatClient reintentos rate limit; pool Oracle configurado; no hay circuit breaker global;
19;Casos especiales;Auth: no logueado sin permiso sesion;Parcial;AuthController 401/403; Chatbot 403 miembro; SecurityConfig anyRequest().permitAll() debilita proteccion global;
20;Casos especiales;Doble submit concurrencia;Parcial;No se observa idempotencia general; Recreate strategy en deployment backend K8s;
21;Manejo errores;Mensajes claros sin stack trace al cliente;Parcial;apiClient muestra error del body; ChatbotController devuelve e.getMessage() en 500 (riesgo filtrar detalle interno);
22;Manejo errores;HTTP coherentes 4xx vs 5xx;Parcial;Auth y Chatbot bien; CRUD muchos solo 404 en delete/update;
23;Manejo errores;Logs utiles sin passwords;Parcial;Logs en Telegram webhook; no revisado logging uniforme; secrets en properties es anti-patron;
24;Casos especiales;Listas vacias un elemento sin datos;Parcial;EmptyState.jsx en UI; backend findAll sin paginacion puede devolver [];
25;Logica;Condiciones cubren todas las ramas;Parcial;OAuth condicional @Conditional; flujos chatbot complejos; CRUD simple;
26;Logica;Bucles terminan correctamente;Cumple;Sin bucles problematicos evidentes en servicios revisados;
27;Logica;Orden correcto (validar antes de persistir transacciones);Parcial;@Transactional en servicios clave; no uniforme en todos los saves;
28;Logica;Sin dependencias ocultas de cache global;Cumple;apiClient cache no-store; sin cache agresivo problematico;
29;Logica;Operadores logicos claros;Cumple;Codigo legible en servicios principales;
30;Logica;Async/await y promesas manejadas;Cumple;apiClient async/await con throw en !response.ok;
31;Diseno;Codigo alineado al diseno del producto SprintOps;Cumple;Dominio pistache sprintops coherente en nombres y modulos;
32;Diseno;Reglas de negocio interpretadas correctamente;Parcial;Roles permisos sprints; validar con product owner casos limite;
33;Diseno;Sin gold plating excesivo;Parcial;Chatbot Telegram universo issues amplios; acorde a alcance del curso;
34;Diseno;Integraciones OAuth Telegram Groq Oracle;Cumple;Perfiles application-oracle OAuth2ClientRegistrationsConfig TelegramController Groq;
35;Diseno;UI estados carga exito error;Parcial;LoadingSpinner EmptyState; sonner; no verificado en todas las pantallas;
36;Nomenclatura;Nombres descriptivos idioma consistente;Parcial;Java ingles (Usuario Proyecto); API mezcla name/ nombreUsuario; aceptable pero inconsistente;
37;Nomenclatura;Convencion proyecto (Java React REST);Cumple;com.pistache.sprintops_backend; features/ PascalCase componentes; /api/...;
38;Nomenclatura;Sin abreviaturas crípticas;Cumple;Nombres de dominio claros;
39;Nomenclatura;Booleanos is/has/can constantes UPPER;Parcial;STALE_TODO_DAYS; isConfigured() en clientes; mejorable en mas clases;
40;Nomenclatura;Endpoints y DTOs alineados al dominio;Cumple;/api/proyectos /api/chatbot UsuarioDTO etc.;
41;Estándares;Formato imports indentacion;Cumple;Proyecto formateado de forma uniforme en archivos muestreados;
42;Estándares;Sin warnings linter en archivos tocados;Parcial;No ejecutado linter en esta revision; asumir revision manual;
43;Estándares;Secretos no en codigo commiteado;No cumple;application.properties: groq.api.key y password MySQL; usar solo env y application-local (gitignored);
44;Comentarios;Comentan el por que no lo obvio;Parcial;Buenos comentarios en apiClient OAuth oracle deploy; CRUD repetitivo sin comentarios;
45;Comentarios;Codigo complejo documentado;Parcial;ChatbotOrchestrationService y deploy scripts comentados; MERGE Oracle en data-oracle.sql;
46;Comentarios;Sin bloques grandes comentados;Cumple;No se observaron grandes zonas comentadas muertas;
47;Estándares;Separacion capas respetada;Cumple;backend capas claras; frontend data/features/components;
;;;;;
Resumen de hallazgos prioritarios;;;;;
Severidad;ID;Hallazgo;Accion recomendada;;
Alta;H1;Credenciales en application.properties (Groq DB);Mover a variables de entorno; rotar keys;;
Alta;H2;Security permitAll + API abierta;Endurecer SecurityConfig para produccion;;
Media;H3;Falta @Valid / Bean Validation en DTOs;Agregar validacion en controllers;;
Media;H4;Cobertura de pruebas limitada;Ampliar tests integracion por modulo critico;;
Media;H5;Mensaje excepcion crudo en Chatbot 500;Mensaje generico al cliente log interno;;
Baja;H6;Mezcla ingles/espanol en campos API;Unificar contrato API;;
Baja;H7;CRUD controllers sin validacion de entrada;Checklist por endpoint en siguiente sprint;;
;;;;;
Resultado global de la revision;Parcial;Cumple para entrega academica con observaciones; corregir H1 antes de repo publico;;
Integrantes (completar);;;;;
